cdkocher,Charles Kocher,1917 N Beechbrook Dr,Shelbyville,IN,46176,0.25,39.5539765107209,-85.7973076592499
